<?xml version="1.0" encoding="ISO-8859-1" standalone="no"?><plug-in>
    
    <!-- Plugin Informations -->
    <name>core</name>
    <class>fr.paris.lutece.portal.service.plugin.PluginDefaultImplementation</class>
    <version>6.1.1</version>
    <description>portal.system.core_components.description</description>
    <documentation/>
    <installation/>
    <changes/>
    <user-guide/>
    <provider>portal.system.core_components.provider</provider>
    <provider-url>http://fr.lutece.paris.fr</provider-url>
    <icon-url>images/admin/skin/core.png</icon-url>
    <copyright>Copyright (c) 2001-2015 Mairie de Paris</copyright>
    <db-pool-required>1</db-pool-required>
    
    <!-- Contents Service -->
    <content-services>
        <content-service>
            <content-service-class>fr.paris.lutece.portal.service.page.PageContentService</content-service-class>
        </content-service>
        <content-service>
            <content-service-class>fr.paris.lutece.portal.service.content.XPageAppService</content-service-class>
        </content-service>
    </content-services>
    
    <!-- Search indexers -->
    <search-indexers>
        <search-indexer>
            <search-indexer-class>fr.paris.lutece.portal.service.search.PageIndexer</search-indexer-class>
        </search-indexer>
    </search-indexers>
    
    <!-- Applications -->
    <applications>
        <application>
            <application-id>search</application-id>
            <enabled>${core.xpage.search.enabled}</enabled>
        </application>
        <application>
            <application-id>map</application-id>
            <application-class>fr.paris.lutece.portal.web.xpages.SiteMapApp</application-class>
            <enabled>${core.xpage.map.enabled}</enabled>
        </application>
    </applications>

    <!-- Page Includes -->
    <page-include-services>
        <page-include-service>
            <page-include-service-id>main_menu</page-include-service-id>
            <page-include-service-class>fr.paris.lutece.portal.web.includes.MainMenuInclude</page-include-service-class>
            <enabled>${core.include.main_menu.enabled}</enabled>
        </page-include-service>	
        <page-include-service>
            <page-include-service-id>tree_menu</page-include-service-id>
            <page-include-service-class>fr.paris.lutece.portal.web.includes.TreeMenuInclude</page-include-service-class>
            <enabled>${core.include.tree_menu.enabled}</enabled>
        </page-include-service>			
        <page-include-service>
            <page-include-service-id>links</page-include-service-id>
            <page-include-service-class>fr.paris.lutece.portal.web.includes.LinksInclude</page-include-service-class>
            <enabled>${core.include.links.enabled}</enabled>
        </page-include-service>
        <page-include-service>
            <page-include-service-id>metas</page-include-service-id>
            <page-include-service-class>fr.paris.lutece.portal.web.includes.MetasInclude</page-include-service-class>
            <enabled>${core.include.metas.enabled}</enabled>
        </page-include-service>
        <page-include-service>
            <page-include-service-id>statistics</page-include-service-id>
            <page-include-service-class>fr.paris.lutece.portal.web.includes.StatisticsInclude</page-include-service-class>
            <enabled>${core.include.statistics.enabled}</enabled>
        </page-include-service>
        <page-include-service>
            <page-include-service-id>themes</page-include-service-id>
            <page-include-service-class>fr.paris.lutece.portal.web.includes.ThemesInclude</page-include-service-class>
            <enabled>${core.include.themes.enabled}</enabled>
        </page-include-service>
    </page-include-services>
    
    <!-- Daemons -->
    <daemons>
        <daemon>
            <daemon-id>indexer</daemon-id>
            <daemon-name>portal.search.daemon.indexer.name</daemon-name>
            <daemon-description>portal.search.daemon.indexer.description</daemon-description>
            <daemon-class>fr.paris.lutece.portal.service.daemon.IndexerDaemon</daemon-class>
        </daemon>
        <daemon>
            <daemon-id>mailSender</daemon-id>
            <daemon-name>portal.system.daemon.mailSender.name</daemon-name>
            <daemon-description>portal.system.daemon.mailSender.description</daemon-description>
            <daemon-class>fr.paris.lutece.portal.service.mail.MailSenderDaemon</daemon-class>
        </daemon>
        <daemon>
            <daemon-id>anonymizationDaemon</daemon-id>
            <daemon-name>portal.system.daemon.anonymizationDaemon.name</daemon-name>
            <daemon-description>portal.system.daemon.anonymizationDaemon.description</daemon-description>
            <daemon-class>fr.paris.lutece.portal.service.daemon.AnonymizationDaemon</daemon-class>
        </daemon>
        <daemon>
            <daemon-id>accountLifeTimeDaemon</daemon-id>
            <daemon-name>portal.system.daemon.accountLifeTimeDaemon.name</daemon-name>
            <daemon-description>portal.system.daemon.accountLifeTimeDaemon.description</daemon-description>
            <daemon-class>fr.paris.lutece.portal.service.daemon.AccountLifeTimeDaemon</daemon-class>
        </daemon>
        <daemon>
            <daemon-id>threadLauncherDaemon</daemon-id>
            <daemon-name>portal.system.daemon.threadLauncherDaemon.name</daemon-name>
            <daemon-description>portal.system.daemon.threadLauncherDaemon.description</daemon-description>
            <daemon-class>fr.paris.lutece.portal.service.daemon.ThreadLauncherDaemon</daemon-class>
        </daemon>
    </daemons>

    <!-- RBAC Resources -->
    <rbac-resource-types>
        <rbac-resource-type>
            <rbac-resource-type-class>fr.paris.lutece.portal.service.page.PageResourceIdService</rbac-resource-type-class>
        </rbac-resource-type>
        <rbac-resource-type>
            <rbac-resource-type-class>fr.paris.lutece.portal.service.portlet.PortletResourceIdService</rbac-resource-type-class>
        </rbac-resource-type>
        <rbac-resource-type>
            <rbac-resource-type-class>fr.paris.lutece.portal.service.insert.InsertResourceIdService</rbac-resource-type-class>
        </rbac-resource-type>
        <rbac-resource-type>
            <rbac-resource-type-class>fr.paris.lutece.portal.service.user.AdminUserResourceIdService</rbac-resource-type-class>
        </rbac-resource-type>
        <rbac-resource-type>
            <rbac-resource-type-class>fr.paris.lutece.portal.service.search.SearchResourceIdService</rbac-resource-type-class>
        </rbac-resource-type>
        <rbac-resource-type>
          	<rbac-resource-type-class>fr.paris.lutece.portal.service.globalmanagement.GlobalManagementResourceIdService</rbac-resource-type-class>
        </rbac-resource-type>
        <rbac-resource-type>
            <rbac-resource-type-class>fr.paris.lutece.portal.service.xsl.XslExportResourceIdService</rbac-resource-type-class>
        </rbac-resource-type>
    </rbac-resource-types>
    
    <!-- Dashboard  components -->
    <dashboard-components>
        <dashboard-component>
            <dashboard-component-name>CORE_SYSTEM</dashboard-component-name>
            <dashboard-component-class>fr.paris.lutece.portal.web.system.SystemDashboardComponent</dashboard-component-class>
            <dashboard-feature-right>CORE_PLUGINS_MANAGEMENT</dashboard-feature-right>
        </dashboard-component>
        <dashboard-component>
            <dashboard-component-name>CORE_USERS</dashboard-component-name>
            <dashboard-component-class>fr.paris.lutece.portal.web.user.UsersDashboardComponent</dashboard-component-class>
            <dashboard-feature-right>CORE_USERS_MANAGEMENT</dashboard-feature-right>
        </dashboard-component>
        <dashboard-component>
            <dashboard-component-name>CORE_USER</dashboard-component-name>
            <dashboard-component-class>fr.paris.lutece.portal.web.user.UserHeaderDashboardComponent</dashboard-component-class>
            <dashboard-feature-right>ALL</dashboard-feature-right>
        </dashboard-component>
        <dashboard-component>
            <dashboard-component-name>CORE_PAGES</dashboard-component-name>
            <dashboard-component-class>fr.paris.lutece.portal.web.SiteDashboardComponent</dashboard-component-class>
            <dashboard-feature-right>CORE_ADMIN_SITE</dashboard-feature-right>
        </dashboard-component>
    </dashboard-components>
    
    <!-- Admin Dashboard  components -->
    <admindashboard-components>
    	<admindashboard-component>
            <dashboard-component-name>usersAdminDashboardComponent</dashboard-component-name>
            <dashboard-component-class>fr.paris.lutece.portal.web.user.UsersAdminDashboardComponent</dashboard-component-class>
        </admindashboard-component>
        <admindashboard-component>
            <dashboard-component-name>searchAdminDashboardComponent</dashboard-component-name>
            <dashboard-component-class>fr.paris.lutece.portal.web.search.SearchAdminDashboardComponent</dashboard-component-class>
        </admindashboard-component>
    </admindashboard-components>
        
    <freemarker-macro-files>
    	<freemarker-macro-file>*/commons.html</freemarker-macro-file>
        <freemarker-macro-file>*/commons_site.html</freemarker-macro-file>
    </freemarker-macro-files>

    <css-stylesheets>
    	<css-stylesheets-scope>portal</css-stylesheets-scope>
    	<css-stylesheet mode="1">../page_template_styles_admin.css</css-stylesheet>
    </css-stylesheets>

<admin-css-stylesheets>
      <admin-css-stylesheet>css/admin/bootstrap2-compatibility.css</admin-css-stylesheet>
      <admin-css-stylesheet>css/admin/bootstrap.min.css</admin-css-stylesheet>
      <admin-css-stylesheet>css/admin/bootstrap-colorpicker.css</admin-css-stylesheet>
      <admin-css-stylesheet>css/admin/bootstrap-datepicker.min.css</admin-css-stylesheet>
      <admin-css-stylesheet>css/admin/jquery-ui.min.css</admin-css-stylesheet>
      <admin-css-stylesheet>css/admin/jquery-ui.structure.min.css</admin-css-stylesheet>
      <admin-css-stylesheet>css/admin/jquery-ui.theme.min.css</admin-css-stylesheet>
      <admin-css-stylesheet>css/admin/font-awesome.min.css</admin-css-stylesheet>
      <admin-css-stylesheet>css/admin/ionicons.min.css</admin-css-stylesheet>
      <admin-css-stylesheet>css/admin/bootstrap-clockpicker.css</admin-css-stylesheet>
      <admin-css-stylesheet>css/admin/AdminLTE.css</admin-css-stylesheet>
      <admin-css-stylesheet>css/admin/skins/_all-skins.min.css</admin-css-stylesheet>
      <admin-css-stylesheet>css/admin/portal_admin.css</admin-css-stylesheet>
    </admin-css-stylesheets>

    <admin-javascript-files>
        <admin-javascript-file>js/bootstrap.min.js</admin-javascript-file>
        <admin-javascript-file>js/jquery/jquery-ui.min.js</admin-javascript-file>
        <admin-javascript-file>js/bootstrap-filestyle.min.js</admin-javascript-file>
        <admin-javascript-file>js/app.min.js</admin-javascript-file>
        <admin-javascript-file>js/admin.js</admin-javascript-file>
    </admin-javascript-files>

</plug-in>